,,,,,,,,,,
Time,R1,R2,R3,R4,R5,R6,R7,R8,R9,R10
1,0.65,0.66,0.65,0.65,0.66,0.66,2.44,0.58,0.65,0.65
2,0.67,0.65,0.66,0.66,0.67,0.64,2.35,0.58,0.65,0.65
3,0.66,0.66,0.66,0.65,0.66,0.65,2.31,0.57,0.65,0.63
4,0.65,0.67,0.65,1.45,0.65,0.64,2.29,0.57,1.44,0.62
5,0.67,0.67,0.63,0.66,0.66,1.45,2.3,0.54,0.65,0.65
6,0.67,0.66,0.66,0.66,0.65,0.65,2.32,0.58,0.65,0.66
7,0.67,0.65,0.67,1.36,0.64,0.66,2.35,0.58,1.32,0.66
8,0.65,0.66,0.67,0.65,0.65,1.24,2.4,0.57,0.88,0.66
9,0.67,0.66,0.65,1.22,0.66,0.65,2.48,0.57,0.66,0.65
10,0.66,0.65,0.66,0.65,0.67,0.64,2.39,0.54,0.66,0.65
11,0.65,0.66,0.66,0.66,0.65,1.43,2.38,0.58,1.35,0.66
12,0.66,0.67,0.65,1.13,0.66,0.65,2.31,0.58,0.65,0.66
13,0.67,0.67,0.63,0.65,0.66,0.66,2.28,0.57,0.88,0.65
14,0.67,0.66,0.66,0.64,0.65,1.32,2.37,0.58,1.5,0.65
15,0.65,0.66,0.67,0.64,0.63,0.65,2.31,0.56,0.65,0.64
16,0.67,0.67,0.67,0.66,0.66,0.64,2.35,0.54,0.66,0.62
17,0.67,0.66,0.65,0.65,0.67,1.5,2.53,0.58,0.99,0.65
18,0.65,0.64,0.66,0.65,0.66,0.65,2.39,0.58,0.65,0.66
19,0.66,0.66,0.66,0.65,0.64,0.66,2.36,0.58,0.65,0.66
20,0.67,0.67,0.66,1.45,0.66,1.07,2.34,0.57,1.33,0.66
21,0.67,0.67,0.64,0.66,0.65,0.65,2.32,0.57,0.65,0.65
22,0.65,0.65,0.66,0.66,0.63,1.07,2.38,0.57,0.66,0.63
23,0.67,0.67,0.67,1.36,0.66,0.64,2.3,0.58,0.65,0.66
24,0.66,0.66,0.67,0.65,0.66,0.65,2.37,0.58,0.66,0.65
25,0.65,0.65,0.66,1.08,0.66,0.65,2.39,0.57,0.65,0.65
26,0.65,0.66,0.65,1.39,0.64,1.39,2.42,0.58,1.31,
27,0.67,0.67,0.66,0.66,0.66,0.65,2.34,0.57,0.65,0.63
28,0.67,0.67,0.66,0.65,0.65,1.08,2.43,0.58,0.66,0.65
29,0.66,0.66,0.65,0.65,0.64,0.99,2.33,0.58,0.64,0.66
30,0.67,0.65,0.65,0.65,0.64,0.66,2.33,0.57,0.65,0.66
31,0.66,0.67,0.67,1.5,0.67,0.65,2.42,0.58,0.65,0.66
32,0.65,0.66,0.67,0.66,0.67,1.35,2.34,0.54,1.47,0.66
33,0.66,0.64,0.67,0.66,0.64,0.65,2.34,0.58,0.66,0.65
34,0.67,0.67,0.65,1.09,0.66,0.97,2.33,0.58,0.66,0.66
35,0.67,0.67,0.66,0.65,0.66,1.52,2.44,0.57,1.25,0.66
36,0.65,0.67,0.66,1.12,0.65,0.65,2.34,0.58,0.66,0.65
37,0.67,0.65,0.65,0.65,0.65,0.66,2.34,0.54,0.65,0.65
38,0.67,0.67,0.64,0.66,0.66,1.18,2.33,0.54,1.51,0.64
39,0.65,0.66,0.66,0.65,0.67,0.65,2.31,0.58,0.66,0.64
40,0.66,0.65,0.67,0.65,0.65,0.64,2.3,0.57,0.66,0.66
41,0.67,0.66,0.67,0.65,0.65,1.48,2.46,0.59,1.13,0.66
42,0.67,0.67,0.65,1.45,0.66,0.65,2.43,0.56,0.65,0.66
43,0.65,0.67,0.64,0.65,0.65,0.66,2.37,0.54,1.08,0.66
44,0.67,0.65,0.66,0.66,0.63,0.64,2.35,0.58,1.53,0.65
45,0.66,0.67,0.65,1.34,0.66,0.65,2.35,0.58,0.65,0.64
46,0.64,0.66,0.64,0.65,0.67,0.65,2.32,0.59,0.66,0.66
47,0.67,0.66,0.66,0.99,0.66,1.24,2.34,0.57,1.17,0.65
48,0.67,0.64,0.67,0.64,0.63,0.65,2.3,0.55,0.65,0.65
49,0.67,0.67,0.67,0.66,0.66,0.65,2.27,0.58,0.65,0.64
50,0.66,0.67,0.66,0.65,0.65,0.65,2.34,0.58,1.28,0.65
51,0.67,0.67,0.64,0.65,0.64,1.16,2.4,0.59,1.15,0.66
52,0.66,0.65,0.66,0.65,0.66,0.65,2.41,0.57,0.65,0.66
53,0.64,0.67,0.66,1.47,0.67,0.94,2.36,0.56,0.65,0.67
54,0.67,0.66,0.64,0.65,0.67,1.53,2.44,0.58,1.17,0.65
55,0.67,0.65,0.64,0.66,0.64,0.65,2.32,0.58,0.65,0.63
56,0.66,0.66,0.67,1.27,0.66,0.66,2.33,0.59,0.65,0.66
57,0.67,0.67,0.67,0.65,0.66,0.95,2.34,0.57,1.22,0.65
58,0.67,0.67,0.65,0.64,0.65,0.65,2.3,0.56,1.52,0.65
59,0.65,0.65,0.67,1.48,0.63,0.64,2.38,0.58,0.65,0.64
60,0.65,0.67,0.66,0.66,0.66,1.23,2.39,0.58,0.65,0.62
61,0.67,0.66,0.65,0.65,0.67,0.64,2.41,0.59,0.65,0.65
62,0.67,0.65,0.65,0.65,0.65,0.65,2.35,0.57,1.24,0.66
63,0.66,0.64,0.67,0.65,0.63,0.65,2.34,0.57,0.65,0.66
64,0.67,0.67,0.67,1.32,0.66,1.17,2.33,0.58,0.65,0.65
65,0.66,0.67,0.66,0.65,0.65,0.65,2.32,0.58,1.22,0.65
66,0.65,0.65,0.65,0.66,0.63,0.72,2.28,0.59,1.46,0.66
67,0.67,0.67,0.67,1,0.66,1.52,2.4,0.57,0.65,0.66
68,0.68,0.66,0.66,0.66,0.67,0.65,2.39,0.55,0.66,0.65
69,0.67,0.65,0.64,0.64,0.66,0.66,2.39,0.58,0.65,0.63
70,0.67,0.65,0.66,0.64,0.65,0.64,2.49,0.58,1.09,0.64
71,0.67,0.66,0.67,0.66,0.66,0.65,2.35,0.59,0.65,0.66
72,0.66,0.67,0.67,0.65,0.65,0.65,2.33,0.57,1.12,0.67
73,0.65,0.67,0.64,1.38,0.63,1.2,2.39,0.54,1.56,0.66
74,0.67,0.66,0.67,0.65,0.66,1.4,2.3,0.58,0.65,0.64
75,0.67,0.64,0.66,1.31,0.67,0.65,2.24,0.58,0.66,0.66
76,0.66,0.66,0.64,0.65,0.66,0.65,2.28,0.59,1.26,0.66
77,0.67,0.66,0.66,0.66,0.66,1.17,2.36,0.55,0.65,0.65
78,0.66,0.66,0.67,1.16,0.66,0.65,2.42,0.59,0.65,0.64
79,0.64,0.65,0.67,0.65,0.65,0.75,2.4,0.59,1.43,0.65
80,0.67,0.65,0.64,0.64,0.63,1.55,2.35,0.58,0.66,0.66
81,0.68,0.65,0.67,0.9,0.66,0.65,2.34,0.58,0.66,0.67
82,0.66,0.63,0.66,0.66,0.67,0.66,2.31,0.58,1.29,0.66
83,0.67,0.66,0.64,0.66,0.65,0.64,2.25,0.59,0.65,0.64
84,0.67,0.66,0.67,0.65,0.67,0.65,2.25,0.59,0.64,0.65
85,0.65,0.66,0.67,0.65,0.66,0.65,2.3,0.57,1.49,0.66
86,0.67,0.66,0.67,1.39,0.65,1.23,2.3,0.56,0.66,0.65
87,0.68,0.66,0.65,0.65,0.65,1.31,2.32,0.59,0.66,0.64
88,0.67,0.65,0.67,0.66,0.67,0.65,2.38,0.58,0.84,0.65
89,0.66,0.65,0.66,1.28,0.67,0.65,2.41,0.57,0.65,0.66
90,0.67,0.65,0.65,0.65,0.64,1.17,2.39,0.58,1.2,0.66
91,0.65,0.65,0.66,0.64,0.66,0.65,2.29,0.59,0.65,0.66
92,0.67,0.65,0.67,1.46,0.66,0.86,2.25,0.59,0.66,0.65
93,0.67,0.64,0.67,0.66,0.64,1.53,2.27,0.56,0.64,0.66
94,0.67,0.64,0.65,0.65,0.66,0.65,2.38,0.57,0.66,0.66
95,0.65,0.64,0.66,0.65,0.67,0.66,2.3,0.59,0.65,0.65
96,0.67,0.63,0.66,0.65,0.67,0.64,2.26,0.58,1.48,0.63
97,0.66,0.64,0.65,1.44,0.64,0.65,2.23,0.57,0.66,0.66
98,0.66,0.64,0.63,0.66,0.66,0.65,2.24,0.58,0.66,0.66
99,0.67,0.64,0.67,0.66,0.65,1.21,2.26,0.58,1.34,0.67
100,0.67,0.64,0.67,1.09,0.63,1.39,2.27,0.59,0.65,0.65
101,0.65,0.65,0.66,0.65,0.66,0.65,2.23,0.55,1.22,0.63
102,0.67,0.63,0.66,1.09,0.67,0.65,2.21,0.54,0.65,0.66
103,0.66,0.6,0.66,0.65,0.66,1.18,2.18,0.58,0.66,0.65
104,0.65,0.63,0.66,0.66,0.65,0.65,2.13,0.58,1.08,0.65
105,0.67,0.63,0.64,0.65,0.66,0.64,2.15,0.58,0.66,0.63
106,0.68,0.59,0.66,0.66,0.66,1.51,2.15,0.55,0.65,0.66
107,0.67,0.63,0.67,0.65,0.64,0.65,2.18,0.58,0.68,0.67
108,0.67,0.63,0.67,1.48,0.65,0.66,2.15,0.58,0.66,0.66
109,0.67,0.62,0.65,0.66,0.67,0.64,2.31,0.57,0.66,0.64
110,0.65,0.61,0.67,0.66,0.67,0.65,2.13,0.58,0.65,0.66
111,0.67,0.62,0.66,1.35,0.64,0.65,2.14,0.58,0.65,0.66
112,0.68,0.63,0.65,0.65,0.66,1.19,2.13,0.58,1.42,0.65
113,0.67,0.63,0.64,1.25,0.65,1.42,2.1,0.58,0.66,0.63
114,0.67,0.59,0.67,0.65,0.64,0.65,1.96,0.57,0.66,0.66
115,0.67,0.63,0.67,0.66,0.66,0.65,2.03,0.57,1.31,0.67
116,0.66,0.63,0.65,1.04,0.67,1.18,1.91,0.58,0.65,0.67
117,0.65,0.62,0.67,0.65,0.67,0.65,1.81,0.58,0.94,0.64
118,0.68,0.63,0.66,0.64,0.64,0.64,1.71,0.58,1.6,0.66
119,0.67,0.59,0.65,0.88,0.66,1.45,1.8,0.57,0.65,0.66
120,0.66,0.62,0.66,0.66,0.65,0.65,1.83,0.55,0.65,0.65
121,0.67,0.58,0.67,0.65,0.64,0.66,1.63,0.58,0.65,0.64
122,0.66,0.61,0.67,0.65,0.66,0.65,1.49,0.58,1.09,0.66
123,0.64,0.6,0.65,0.65,0.67,0.64,1.4,0.58,1.42,0.67
124,0.67,0.61,0.67,1.43,0.67,0.65,1.3,0.57,1.71,0.65
125,0.68,0.6,0.66,0.66,0.65,1.16,1.26,0.55,1.55,0.66
126,0.65,0.58,0.64,0.66,0.66,1.54,1.24,0.58,1.73,0.66
127,0.67,0.59,0.67,1.24,0.66,0.65,1.17,0.58,1.57,0.65
128,0.66,0.6,0.67,0.65,0.64,0.65,1.17,0.58,1.39,0.64
129,0.65,0.59,0.66,1.04,0.65,1.11,1.17,0.57,1.45,0.66
130,0.67,0.58,0.64,1.38,0.67,0.65,1.23,0.55,1.58,0.67
131,0.68,0.55,0.67,0.66,0.67,0.64,1.34,0.58,1.64,0.66
132,0.66,0.56,0.65,0.64,0.64,1.34,1.63,0.58,2.05,0.65
133,0.67,0.59,0.66,0.65,0.66,0.64,1.12,0.58,1.86,0.66
134,0.67,0.59,0.67,0.65,0.66,0.65,0.65,0.57,1.73,0.65
135,0.65,0.59,0.67,1.51,0.65,0.65,0.65,0.56,2.05,0.63
136,0.67,0.58,0.65,0.66,0.65,1.4,0.65,0.58,1.81,0.66
137,0.68,0.59,0.67,0.66,0.66,0.65,1.43,0.58,1.68,0.67
138,0.67,0.58,0.66,0.64,0.67,1.06,0.65,0.58,1.73,0.66
139,0.65,0.59,0.64,0.65,0.65,1.53,0.81,0.57,2.07,0.64
140,0.67,0.56,0.67,1.28,0.66,0.65,1.31,0.57,1.87,0.66
141,0.66,0.55,0.68,0.65,0.66,0.65,0.84,0.57,1.73,0.65
142,0.66,0.54,0.66,0.66,0.65,1.04,0.65,0.58,2.07,0.64
143,0.67,0.58,0.65,1.05,0.63,0.65,0.65,0.58,1.82,0.65
144,0.67,0.6,0.67,0.66,0.66,0.64,1.33,0.57,1.63,0.66
145,0.65,0.59,0.65,0.64,0.67,1.27,0.65,0.58,1.58,0.67
146,0.67,0.59,0.66,0.65,0.66,0.78,0.65,0.54,1.67,0.65
147,0.66,0.57,0.67,0.66,0.63,0.65,1.47,0.58,2.08,0.66
148,0.65,0.59,0.67,0.65,0.66,0.65,0.65,0.58,1.77,0.66
149,0.66,0.61,0.65,0.66,0.65,1.43,0.66,0.58,1.61,0.65
150,0.67,0.6,0.67,0.65,0.63,0.65,1,0.58,1.68,0.63
151,0.67,0.57,0.66,1.5,0.66,0.94,0.65,0.54,1.76,0.66
152,0.65,0.6,0.64,0.66,0.67,1.5,0.65,0.54,1.57,0.67
153,0.67,0.6,0.67,0.66,0.66,0.65,1.38,0.58,1.57,0.66
154,0.67,0.6,0.67,1.35,0.65,0.65,0.65,0.58,1.76,0.64
155,0.66,0.6,0.65,0.65,0.66,0.64,0.66,0.59,1.99,0.66
156,0.64,0.6,0.67,1.22,0.66,0.65,1.17,0.55,1.77,0.66
157,0.67,0.6,0.66,0.65,0.65,0.64,0.65,0.54,1.76,0.65
158,0.67,0.61,0.65,0.66,0.65,1.22,0.65,0.58,1.86,0.63
159,0.67,0.6,0.67,1.14,0.66,1,1.45,0.58,1.66,0.66
160,0.66,0.6,0.68,0.65,0.67,0.65,0.66,0.59,1.74,0.67
161,0.66,0.6,0.66,0.64,0.65,0.65,0.66,0.55,2.12,0.67
162,0.66,0.61,0.67,0.64,0.66,1.43,1.29,0.54,1.9,0.65
163,0.66,0.61,0.66,0.66,0.66,0.65,0.65,0.58,2.11,0.66
164,0.65,0.6,0.65,0.65,0.65,0.64,0.95,0.58,1.81,0.66
165,0.66,0.6,0.65,0.65,0.63,1.42,0.64,0.59,1.94,0.65
166,0.67,0.6,0.67,0.65,0.66,0.64,0.66,0.55,2.01,0.64
167,0.67,0.59,0.67,1.5,0.67,0.65,0.65,0.54,1.86,0.65
168,0.67,0.51,0.66,0.66,0.66,0.65,0.65,0.58,1.97,0.66
169,0.65,0.6,0.67,0.66,0.63,1.41,0.65,0.58,2,0.67
170,0.66,0.59,0.66,1.3,0.66,0.65,1.33,0.59,2.1,0.66
171,0.67,0.59,0.66,0.65,0.65,0.64,0.65,0.57,1.96,0.63
172,0.66,0.6,0.67,1.18,0.64,1.32,0.66,0.54,2.01,0.66
173,0.65,0.6,0.67,0.65,0.66,1.49,1.19,0.58,2.1,0.65
174,0.66,0.6,0.65,0.67,0.66,0.65,0.65,0.58,2.07,0.65
175,0.67,0.58,0.67,1.09,0.67,0.65,0.64,0.58,2.18,0.63
176,0.67,0.57,0.66,0.65,0.65,1.06,1.45,0.57,1.94,0.65
177,0.67,0.6,0.66,0.64,0.66,1.53,0.66,0.57,2.16,0.66
178,0.65,0.6,0.67,1.49,0.66,0.64,0.66,0.54,2.07,0.66
179,0.64,0.6,0.67,0.66,0.65,1.09,0.65,0.56,1.98,0.66
180,0.66,0.58,0.65,0.65,0.63,1.33,0.65,0.58,2.23,0.65
181,0.66,0.57,0.67,0.65,0.65,1.67,1.24,0.58,2.05,0.65
182,0.65,0.6,0.66,0.65,0.66,1.03,0.65,0.58,2.05,0.65
183,0.64,0.6,0.64,1.41,0.66,0.84,0.66,0.57,2.25,0.65
184,0.66,0.59,0.67,0.65,0.65,1.05,1.08,0.57,2,0.65
185,0.67,0.56,0.67,0.66,0.64,1.08,0.66,0.56,2.04,0.63
186,0.67,0.59,0.65,1.06,0.66,1.25,0.64,0.56,2.1,0.64
187,0.65,0.6,0.67,0.65,0.65,1.35,1.45,0.57,2.06,0.66
188,0.66,0.6,0.66,1.13,0.64,1.34,0.66,0.57,2.02,0.66
189,0.67,0.59,0.65,0.65,0.59,1.45,0.66,0.57,2.02,0.66
190,0.66,0.55,0.67,0.66,0.66,1.63,1.34,0.57,2.09,0.65
191,0.65,0.59,0.67,0.65,0.67,2.01,0.65,0.58,2.11,0.65
192,0.66,0.6,0.66,0.66,0.66,1.77,1.24,0.57,2.05,0.65
193,0.67,0.59,0.66,0.64,0.63,1.72,0.65,0.57,2.03,0.65
194,0.67,0.59,0.66,1.49,0.66,1.89,0.66,0.55,2.22,0.65
195,0.66,0.57,0.65,0.66,0.65,1.73,1.11,0.53,2.07,0.64
196,0.65,0.56,0.64,0.66,0.65,1.77,0.65,2.21,2.12,0.62
197,0.67,0.59,0.67,1.39,0.65,2.07,0.64,2.18,2.25,0.65
198,0.66,0.59,0.67,0.65,0.66,1.84,0.83,2.19,2,0.66
199,0.65,0.59,0.65,1.31,0.66,2.09,0.66,2.22,2.25,0.66
200,0.66,0.58,0.67,0.65,0.65,1.82,0.65,2.21,2.13,0.66
201,0.67,0.58,0.66,0.66,0.65,1.89,0.65,2.26,2.03,0.65
202,0.67,0.58,0.65,1.27,0.66,1.99,0.65,2.21,2.11,0.65
203,0.66,0.59,0.66,0.65,0.65,1.85,1.34,2.37,2.1,0.66
204,0.65,0.56,0.67,0.95,0.63,1.97,0.65,2.38,2.1,0.65
205,0.67,0.56,0.67,0.65,0.66,1.83,0.66,2.24,2.08,0.65
206,0.66,0.54,0.65,0.66,0.67,2.12,1.23,2.28,2.04,0.65
207,0.65,0.55,0.66,0.65,0.66,1.87,0.65,2.24,2.21,0.63
208,0.66,0.55,0.66,0.65,0.64,2.14,0.64,2.24,2.11,0.62
209,0.67,0.55,0.65,0.65,0.66,1.77,1.41,2.22,2.1,0.65
210,0.67,0.58,0.63,1.46,0.66,1.95,0.66,2.28,2.09,0.66
211,0.66,0.58,0.67,0.66,0.65,2,0.65,2.27,2.07,0.66
212,0.67,0.57,0.67,0.66,0.63,1.89,0.65,2.29,2.13,0.66
213,0.67,0.58,0.66,1.12,0.66,1.85,0.65,2.26,2.13,0.64
214,0.66,0.59,0.66,0.65,0.67,1.88,1.33,2.4,2.21,0.63
215,0.64,0.59,0.66,1.26,0.65,2.01,0.65,2.39,2.26,0.65
216,0.67,0.58,0.66,0.66,0.66,1.92,0.66,2.26,2.05,0.65
217,0.67,0.57,0.64,0.66,0.66,1.93,1.07,2.26,2.17,0.65
218,0.67,0.58,0.67,1.23,0.65,1.96,0.65,2.21,2.17,0.64
219,0.65,0.58,0.67,0.65,0.64,2.03,0.64,2.2,2.29,0.63
220,0.67,0.59,0.67,0.64,0.66,1.93,0.65,2.18,2.09,0.65
221,0.66,0.58,0.64,1.5,0.67,1.89,0.66,2.21,2.1,0.65
222,0.65,0.58,0.67,0.66,0.65,1.93,0.65,2.19,2.22,0.66
223,0.67,0.57,0.66,0.65,0.65,1.98,1.35,2.21,2.21,0.66
224,0.67,0.58,0.64,0.65,0.66,1.94,0.65,2.19,2.3,0.66
225,0.67,0.55,0.67,0.65,0.65,1.92,1.29,2.32,2.37,0.64
226,0.66,0.55,0.67,1.45,0.63,1.96,0.65,2.32,2.15,0.63
227,0.67,0.59,0.66,0.66,0.65,1.97,0.66,2.18,2.23,0.65
228,0.66,0.58,0.66,0.66,0.65,1.94,1.07,2.18,2.21,0.65
229,0.65,0.59,0.66,0.93,0.66,1.89,0.65,2.15,2.24,0.65
230,0.66,0.59,0.65,0.65,0.66,2.18,0.65,2.17,2.19,0.65
231,0.67,0.59,0.66,1.2,0.65,1.97,1.46,2.15,2.15,0.64
232,0.67,0.55,0.67,0.65,0.64,2.22,0.66,2.21,2.17,0.62
233,0.66,0.55,0.67,0.66,0.63,1.98,0.66,2.2,2.2,0.65
234,0.66,0.59,0.65,1.09,0.63,2.08,1.35,2.24,2.21,0.65
235,0.67,0.59,0.67,0.66,0.61,1.93,0.65,2.3,2.15,0.66
236,0.66,0.6,0.66,0.64,0.61,1.96,1.01,2.19,2.17,0.66
237,0.64,0.57,0.64,0.65,0.63,2.18,1.44,2.18,2.17,0.65
238,0.67,0.56,0.67,0.66,0.61,2,0.66,2.18,2.25,0.65
239,0.67,0.59,0.67,0.65,0.62,2.09,0.65,2.19,2.23,0.63
240,0.67,0.6,0.66,0.66,0.63,2.05,0.65,2.15,2.23,0.65
241,0.65,0.6,0.66,0.65,0.64,2.07,0.65,2.18,2.18,0.65
242,0.67,0.59,0.66,1.39,0.64,2.12,1.25,2.16,2.2,0.65
243,0.66,0.6,0.65,0.65,0.63,2.02,0.65,2.22,2.21,0.65
244,0.65,0.6,0.66,0.66,0.63,2.05,0.66,2.21,2.27,0.65
245,0.64,0.58,0.67,1.34,0.61,2.19,0.65,2.25,2.26,0.63
246,0.67,0.61,0.67,0.65,0.61,2.09,0.66,2.3,2.3,0.62
247,0.67,0.6,0.65,1.08,0.62,2.13,0.65,2.2,2.26,0.65
248,0.66,0.58,0.67,0.65,0.62,2.1,1.25,2.18,2.28,0.65
249,0.66,0.6,0.66,0.66,0.6,2.09,0.64,2.2,2.29,0.66
250,0.67,0.61,0.65,0.65,0.62,2.08,0.65,2.2,2.33,0.66
251,0.66,0.57,0.67,0.65,0.61,2.08,0.65,2.17,2.3,0.66
252,0.65,0.6,0.67,0.65,0.58,2.18,1.41,2.18,2.29,0.65
253,0.67,0.61,0.65,1.41,0.6,2.02,0.65,2.17,2.24,0.63
254,0.67,0.57,0.67,0.66,0.6,2.08,0.96,2.21,2.2,0.65
255,0.67,0.61,0.66,0.66,0.61,2.23,1.43,2.2,2.2,0.65
256,0.65,0.6,0.64,0.65,0.59,2.17,0.64,2.22,2.24,0.65
257,0.67,0.6,0.67,0.65,0.59,2.07,0.65,2.18,2.28,0.65
258,0.66,0.61,0.68,1.28,0.58,2.08,0.65,2.3,2.37,0.65
259,0.66,0.6,0.66,0.65,0.6,2.12,1.23,2.25,2.28,0.63
260,0.64,0.61,0.67,0.66,0.58,2.25,0.64,2.35,2.21,0.62
261,0.67,0.59,0.66,1.25,0.55,2.1,0.64,2.25,2.22,0.65
262,0.67,0.6,0.65,0.65,0.59,2.09,1.16,2.21,2.22,0.65
263,0.67,0.62,0.67,0.64,0.58,2.26,1.51,2.32,2.28,0.66
264,0.65,0.58,0.67,1.47,0.55,2.26,0.99,2.2,2.29,0.66
265,0.67,0.61,0.66,0.66,0.59,2.08,0.65,2.21,2.33,0.65
266,0.66,0.61,0.67,0.65,0.58,2.1,0.65,2.22,2.43,0.65
267,0.65,0.61,0.66,0.65,0.56,2.08,1.03,2.23,2.39,0.63
268,0.67,0.61,0.65,0.65,0.59,2.1,1.38,2.19,2.44,0.65
269,0.67,0.58,0.67,1.46,0.58,2.14,0.64,2.21,2.43,0.65
270,0.67,0.61,0.68,0.66,0.58,2.12,1,2.21,2.38,0.65
271,0.66,0.6,0.66,0.66,0.58,2.17,1.3,2.26,2.31,0.65
272,0.67,0.62,0.66,1.06,0.59,2.19,1.64,2.23,2.27,0.64
273,0.66,0.61,0.67,0.65,0.59,2.08,0.64,2.27,2.22,0.63
274,0.65,0.61,0.65,1.14,0.54,2.15,0.65,2.22,2.2,0.62
275,0.66,0.61,0.66,0.65,0.59,2.09,0.65,2.29,2.2,0.65
276,0.67,0.61,0.67,0.67,0.59,2.27,1.24,2.29,2.25,0.65
277,0.67,0.62,0.67,0.64,0.58,2.32,1.26,2.4,2.27,0.66
278,0.66,0.57,0.65,0.66,0.56,2.11,0.64,2.3,2.29,0.66
279,0.66,0.61,0.67,0.64,0.59,2.14,1.14,2.3,2.37,0.65
280,0.67,0.6,0.65,1.45,0.58,2.1,1.22,2.37,2.32,0.65
281,0.65,0.61,0.66,0.65,0.58,2.15,1.42,2.26,2.21,0.63
282,0.64,0.59,0.67,0.65,0.6,2.12,1.72,2.27,2.35,0.65
283,0.67,0.61,0.67,0.65,0.58,2.36,1.24,2.26,2.38,0.65
284,0.67,0.62,0.65,1.51,0.55,2.37,1.2,2.28,2.37,0.65
285,0.66,0.61,0.67,1.17,0.59,2.21,1.17,2.22,2.35,0.65
286,0.67,0.6,0.66,0.64,0.58,2.17,1.01,2.26,2.3,0.65
287,0.67,0.6,0.64,1.26,0.59,2.12,1.21,2.23,2.42,0.63
288,0.66,0.61,0.67,1.33,0.6,2.13,1.18,2.28,2.37,0.62
289,0.64,0.6,0.67,1.55,0.58,2.14,1.14,2.26,2.37,0.65
290,0.67,0.57,0.65,1.85,0.58,2.21,1.34,2.29,2.3,0.65
291,0.68,0.61,0.67,1.34,0.6,2.2,1.36,2.33,2.26,0.66
292,0.67,0.6,0.66,1.27,0.56,2.23,1.35,2.22,2.19,0.66
293,0.65,0.62,0.66,1.28,0.59,2.15,1.6,2.34,2.22,0.66
294,0.67,0.61,0.67,1.25,0.6,2.28,2.08,2.34,2.23,0.65
295,0.66,0.59,0.67,1.2,0.56,2.22,1.86,2.46,2.28,0.63
296,0.65,0.6,0.65,1.29,0.6,2.26,1.79,2.39,2.24,0.65
297,0.67,0.62,0.67,1.2,0.59,2.22,1.74,2.42,2.24,0.65
298,0.67,0.58,0.66,1.13,0.6,2.29,1.73,2.51,2.18,0.65
299,0.67,0.6,0.66,1.22,0.59,2.26,1.79,2.42,2.29,0.65
300,0.66,0,0.67,1.15,0.58,2.36,1.75,2.41,2.29,0.65
301,0.67,0.6,0.67,1.16,0.61,2.24,1.78,2.4,2.35,0.64
302,0.66,0.57,0.65,1.23,0.56,2.27,1.94,2.37,2.27,0.62
303,0.65,0.61,0.67,1.17,0.6,2.21,1.85,2.41,2.28,0.63
304,0.66,0.59,0.66,1.2,0.59,2.22,2.17,2.44,2.24,0.65
305,0.67,0.59,0.64,1.26,0.61,2.23,1.79,2.37,2.34,0.66
306,0.67,0.6,0.67,1.22,0.58,2.27,1.79,2.38,2.38,0.66
307,0.65,0.6,0.68,1.3,0.61,2.21,2.16,2.43,2.44,0.66
308,0.67,0.6,0.65,1.31,0.59,2.23,1.94,2.38,2.44,0.65
309,0.66,0.56,0.67,1.25,0.61,2.26,2,2.41,2.35,0.65
310,0.65,0.6,0.66,1.32,0.57,2.28,1.74,2.41,2.28,0.63
311,0.64,0.61,0.64,1.33,0.61,2.29,2.01,2.39,2.38,0.65
312,0.67,0.58,0.67,1.29,0.61,2.29,1.96,2.39,2.39,0.65
313,0.67,0.56,0.67,1.31,0.62,2.27,1.96,2.35,2.41,0.65
314,0.66,0.59,0.65,1.32,0.61,2.22,1.76,2.36,2.29,0.65
315,0.67,0.59,0.67,1.28,0.6,2.26,2,2.46,2.27,0.65
316,0.67,0.6,0.66,1.32,0.61,2.37,2.04,2.39,2.2,0.64
317,0.66,0.59,0.65,1.47,0.58,2.26,2.03,2.42,2.22,0.63
318,0.64,0.59,0.67,1.42,0.62,2.27,1.84,2.41,2.21,0.62
319,0.67,0.6,0.68,1.48,0.63,2.3,2.04,2.38,2.28,0.65
320,0.67,0.59,0.65,2.03,0.59,2.28,2.03,2.39,2.31,0.65
321,0.67,0.59,0.67,1.91,0.61,2.25,2.01,2.39,2.42,0.65
322,0.65,0.6,0.66,1.75,0.62,2.3,1.83,2.37,2.32,0.66
323,0.67,0.59,0.64,1.74,0.6,2.28,2.22,2.36,2.27,0.65
324,0.66,0.6,0.67,1.56,0.63,2.27,2.02,2.37,2.25,0.65
325,0.65,0.58,0.67,1.48,0.62,2.28,1.97,2.36,2.26,0.65
326,0.67,0.57,0.65,1.58,0.59,2.33,1.96,2.5,2.43,0.63
327,0.67,0.6,0.67,1.91,0.61,2.3,2.08,2.43,2.37,0.63
328,0.67,0.59,0.66,1.54,0.63,2.24,2.19,2.37,2.45,0.65
329,0.66,0.59,0.64,1.52,0.61,2.24,2.16,2.4,2.47,0.65
330,0.67,0.6,0.67,1.56,0.63,2.26,2.08,2.39,2.47,0.65
331,0.66,0.6,0.6,1.57,0.63,2.36,2.11,2.4,2.39,0.65
332,0.66,0.6,0.62,1.72,0.62,2.28,2.16,2.37,2.33,0.65
333,0.66,0.56,0.63,1.93,0.61,2.33,2.14,2.38,2.42,0.64
334,0.67,0.6,0.64,1.69,0.62,2.24,2.12,2.38,2.37,0.62
335,0.68,0.61,0.62,1.53,0.63,2.22,2.13,2.36,2.32,0.65
336,0.66,0.57,0.61,1.62,0.6,2.19,2.14,2.52,2.36,0.65
337,0.66,0.6,0.63,1.77,0.63,2.23,2.2,2.43,2.39,0.66
338,0.67,0.6,0.63,1.58,0.63,2.25,2.35,2.37,2.42,0.66
339,0.66,0.59,0.6,1.56,0.6,2.33,2.39,2.41,2.41,0.66
340,0.65,0.61,0.63,1.57,0.61,2.36,2.27,2.4,2.43,0.65
341,0.67,0.61,0.63,1.58,0.62,2.23,2.21,2.4,2.42,0.65
342,0.67,0.59,0.62,1.74,0.63,2.32,2.22,2.38,2.39,0.65
343,0.67,0.6,0.61,1.88,0.6,2.23,2.22,2.37,2.37,0.63
344,0.65,0.61,0.62,1.72,0.63,2.24,2.25,2.37,2.32,0.65
345,0.67,0.58,0.6,1.55,0.63,2.23,2.23,2.36,2.29,0.65
346,0.66,0.6,0.62,1.6,0.62,2.3,2.21,2.5,2.27,0.65
347,0.65,0.61,0.61,1.75,0.61,2.18,2.17,2.44,2.42,0.65
348,0.67,0.59,0.61,1.49,0.62,2.19,2.2,2.41,2.36,0.65
349,0.67,0.61,0.62,1.58,0.63,2.17,2.26,2.4,2.38,0.64
350,0.67,0.61,0.6,1.69,0.61,2.21,2.43,2.4,2.4,0.63
351,0.65,0.58,0.61,2.03,0.63,2.18,2.42,2.4,2.41,0.62
352,0.67,0.6,0.58,1.79,0.63,2.19,2.29,2.49,2.44,0.65
353,0.66,0.61,0.61,1.74,0.62,2.19,2.23,2.37,2.4,0.65
354,0.65,0.58,0.58,1.7,0.6,2.37,2.2,2.36,2.5,0.65
355,0.67,0.6,0.61,2,0.62,2.26,2.26,2.34,2.46,0.65
356,0.67,0.6,0.57,1.72,0.63,2.29,2.27,2.31,2.32,0.66
357,0.67,0.6,0.61,1.6,0.61,2.28,2.28,2.36,2.36,0.65
358,0.66,0.58,0.59,1.62,0.63,2.29,2.32,2.56,2.36,0.65
359,0.67,0.6,0.6,1.82,0.63,2.27,2.26,2.45,2.36,0.64
360,0.66,0.59,0.59,1.91,0.63,2.16,2.27,2.48,2.34,0.63
361,0.65,0.6,0.61,1.68,0.6,2.19,2.29,2.47,2.41,0.65
362,0.67,0.6,0.6,1.57,0.62,2.23,2.31,2.45,2.28,0.65
363,0.67,0.6,0.6,1.93,0.63,2.19,2.34,2.57,2.25,0.65
364,0.67,0.6,0.6,1.63,0.61,2.11,2.34,2.39,2.24,0.65
365,0.65,0.58,0.61,1.59,0.63,2.16,2.31,2.46,2.28,0.64
366,0.67,0.59,0.61,1.7,0.63,2.11,2.3,2.35,2.33,0.63
367,0.66,0.61,0.6,1.98,0.62,2.19,2.34,2.3,2.35,0.62
368,0.64,0.6,0.6,1.74,0.6,2.14,2.27,2.42,2.33,0.62
369,0.67,0.57,0.61,1.6,0.62,2.23,2.22,2.37,2.29,0.65
370,0.67,0.59,0.61,2.14,0.62,2.25,2.26,2.43,2.27,0.65
371,0.66,0.6,0.61,1.72,0.61,2.22,2.3,2.47,2.31,0.65
372,0.65,0.61,0.58,1.52,0.63,2.3,2.44,2.54,2.47,0.66
373,0.67,0.59,0.61,1.62,0.63,2.18,2.39,2.54,2.42,0.66
374,0.66,0.59,0.62,2.11,0.62,2.17,2.37,2.52,2.39,0.65
375,0.66,0.6,0.61,1.89,0.6,2.14,2.33,2.62,2.39,0.64
376,0.67,0.59,0.63,1.68,0.62,2.13,2.26,2.49,2.39,0.64
377,0.68,0.59,0.62,1.71,0.63,2.19,2.36,2.44,2.38,0.65
378,0.66,0.6,0.6,1.84,0.61,2.27,2.38,2.37,2.39,0.65
379,0.67,0.59,0.62,1.58,0.63,2.21,2.3,2.34,2.29,0.65
380,0.67,0.6,0.63,1.62,0.63,2.19,2.31,2.33,2.31,0.65
381,0.65,0.59,0.61,1.7,0.63,2.14,2.3,2.35,2.33,0.64
382,0.67,0.57,0.63,2.06,0.59,2.18,2.29,2.46,2.42,0.63
383,0.67,0.6,0.63,1.82,0.61,2.17,2.27,2.41,2.33,0.61
384,0.67,0.59,0.62,1.77,0.63,2.19,2.28,2.43,2.27,0.63
385,0.65,0.6,0.61,1.74,0.63,2.24,2.36,2.57,2.24,0.65
386,0.67,0.56,0.63,1.96,0.6,2.28,2.37,2.5,2.24,0.65
387,0.66,0.6,0.63,1.69,0.62,2.17,2.46,2.5,2.4,0.65
388,0.65,0.6,0.61,1.7,0.64,2.17,2.34,2.57,2.36,0.65
389,0.67,0.58,0.63,1.76,0.64,2.15,2.3,2.49,2.35,0.65
390,0.68,0.57,0.63,1.96,0.63,2.2,2.3,2.49,2.46,0.63
391,0.67,0.6,0.62,1.85,0.59,2.19,2.36,2.42,2.39,0.62
392,0.66,0.6,0.61,1.79,0.62,2.19,2.27,2.38,2.38,0.65
393,0.67,0.59,0.63,1.78,0.63,2.2,2.29,2.33,2.48,0.65
394,0.66,0.59,0.63,1.67,0.63,2.26,2.31,2.35,2.48,0.65
395,0.64,0.6,0.61,1.8,0.63,2.21,2.47,2.39,2.36,0.64
396,0.67,0.61,0.63,2.09,0.6,2.22,2.44,2.43,2.39,0.64
397,0.67,0.59,0.63,1.79,0.62,2.19,2.37,2.44,2.51,0.62
398,0.66,0.6,0.62,1.78,0.63,2.2,2.42,2.5,2.43,0.61
399,0.67,0.6,0.61,1.85,0.64,2.15,2.3,2.6,2.46,0.65
400,0.67,0.59,0.63,1.6,0.64,2.19,2.2,2.6,2.48,0.65
401,0.65,0.61,0.64,1.71,0.63,2.21,2.28,2.67,2.41,0.65
402,0.65,0.61,0.6,2.13,0.59,2.27,2.33,2.68,2.36,0.65
403,0.67,0.59,0.63,1.84,0.61,2.19,2.35,2.52,2.34,0.65
404,0.67,0.57,0.64,1.68,0.63,2.18,2.37,2.48,2.3,0.65
405,0.66,0.61,0.63,1.76,0.63,2.13,2.47,2.47,2.32,0.62
406,0.67,0.6,0.61,1.83,0.64,2.17,2.39,2.47,2.47,0.61
407,0.66,0.57,0.61,1.59,0.61,2.13,2.34,2.43,2.39,0.65
408,0.65,0.6,0.63,1.72,0.63,2.2,2.32,2.44,2.51,0.65
409,0.67,0.6,0.63,2.02,0.64,2.2,2.27,2.39,2.45,0.65
410,0.67,0.6,0.63,1.78,0.63,2.27,2.29,2.52,2.45,0.64
411,0.67,0.61,0.61,1.69,0.59,2.17,2.36,2.41,2.46,0.63
412,0.65,0.6,0.62,2.07,0.61,2.22,2.36,2.46,2.49,0.62
413,0.67,0.6,0.64,1.68,0.62,2.29,2.48,2.58,2.49,0.6
414,0.66,0.61,0.64,1.62,0.63,2.17,2.4,2.5,2.46,0.64
415,0.65,0.6,0.63,1.78,0.61,2.15,2.49,2.52,2.44,0.65
416,0.66,0.6,0.59,1.99,0.63,2.09,2.42,2.5,2.41,0.65
417,0.67,0.6,0.62,1.74,0.63,2.19,2.51,2.59,2.53,0.65
418,0.67,0.6,0.63,1.6,0.63,2.17,2.36,2.47,2.42,0.65
419,0.65,0.61,0.63,1.91,0.59,2.19,2.3,2.46,2.44,0.64
420,0.67,0.6,0.62,1.65,0.61,2.14,2.4,2.45,2.52,0.62
421,0.66,0.6,0.63,1.67,0.63,2.25,2.35,2.42,2.53,0.64
422,0.65,0.6,0.63,1.83,0.62,2.24,2.38,2.42,2.57,0.65
423,0.65,0.58,0.63,1.91,0.62,2.1,2.39,2.4,2.67,0.65
424,0.67,0.61,0.62,1.71,0.63,2.17,2.43,2.39,2.69,0.64
425,0.68,0.61,0.6,1.58,0.63,2.17,2.41,2.56,2.61,0.64
426,0.65,0.57,0.62,1.93,0.58,2.16,2.4,2.47,2.56,0.63
427,0.67,0.6,0.63,1.67,0.61,2.21,2.48,2.43,2.52,0.61
428,0.67,0.61,0.6,1.61,0.62,2.1,2.4,2.43,2.52,0.64
429,0.66,0.57,0.62,1.78,0.61,2.1,2.43,2.45,2.51,0.65
430,0.66,0.6,0.62,1.92,0.63,2.06,2.46,2.43,2.52,0.65
431,0.67,0.61,0.59,1.73,0.63,2.19,2.47,2.52,2.52,0.65
432,0.67,0.59,0.62,1.63,0.61,2.3,2.39,2.39,2.59,0.65
433,0.66,0.61,0.61,1.99,0.61,2.06,2.34,2.39,2.46,0.64
434,0.67,0.61,0.61,1.65,0.62,2.09,2.32,2.36,2.43,0.63
435,0.67,0.57,0.62,1.58,0.58,2.14,2.27,2.33,2.38,0.64
436,0.65,0.6,0.57,1.73,0.62,2.04,2.29,2.37,2.43,0.65
437,0.66,0.62,0.61,2.03,0.63,2.03,2.36,2.47,2.33,0.65
438,0.67,0.6,0.6,1.74,0.61,2.09,2.36,2.43,2.3,0.64
439,0.68,0.6,0.62,1.58,0.61,2.08,2.48,2.55,2.32,0.64
440,0.66,0.61,0.6,2.05,0.62,2.11,2.4,2.41,2.35,0.63
441,0.67,0.52,0.6,1.69,0.6,2.02,2.49,2.51,2.43,0.61
442,0.67,0.61,0.6,1.54,0.62,2.04,2.42,2.38,2.33,0.64
443,0.66,0.6,0.62,1.6,0.62,2.02,2.51,2.38,2.26,0.65
444,0.64,0.6,0.6,2.09,0.6,2.02,2.36,2.35,2.38,0.65
445,0.67,0.61,0.6,1.85,0.62,2.02,2.3,2.32,2.11,0.65
446,0.67,0.6,0.6,1.67,0.62,2,2.4,2.36,2,0.65
447,0.66,0.61,0.62,1.73,0.62,2.11,2.35,2.46,1.99,0.65
448,0.67,0.6,0.6,1.81,0.63,2.07,2.38,2.43,1.94,0.63
449,0.67,0.58,0.6,1.69,0.61,2.06,2.39,2.42,1.74,0.63
450,0.65,0.61,0.59,1.57,0.61,2.15,2.43,2.4,1.77,0.64
451,0.66,0.6,0.61,1.59,0.62,1.96,2.41,2.38,1.54,0.65
452,0.67,0.57,0.59,1.63,0.6,2.07,2.4,2.38,1.4,0.65
453,0.67,0.6,0.55,1.79,0.63,2.01,2.48,2.34,1.35,0.64
454,0.65,0.6,0.59,1.87,0.62,1.91,2.4,2.3,1.32,0.63
455,0.67,0.58,0.58,1.67,0.6,2.18,2.43,2.48,1.27,0.62
456,0.66,0.61,0.57,1.54,0.62,2.02,2.46,2.54,1.23,0.6
457,0.65,0.59,0.59,2.08,0.62,1.98,2.47,2.43,1.17,0.63
458,0.67,0.58,0.58,1.76,0.61,1.95,2.34,2.41,1.09,0.65
459,0.68,0.61,0.58,1.5,0.63,1.99,2.34,2.39,0.96,0.65
460,0.67,0.6,0.55,1.59,0.61,2.16,2.46,2.36,0.83,0.65
461,0.65,0.57,0.59,1.76,0.6,1.87,2.39,2.44,1.09,0.65
462,0.67,0.6,0.59,1.88,0.62,2.2,2.42,2.33,1.44,0.65
463,0.66,0.6,0.57,1.75,0.59,1.98,2.51,2.27,1.57,0.63
464,0.65,0.58,0.58,1.74,0.62,2.17,2.42,2.32,0.81,0.61
465,0.67,0.61,0.6,1.86,0.62,1.88,2.41,2.4,1.06,0.65
466,0.68,0.59,0.59,1.59,0.62,2.08,2.4,2.43,1.2,0.65
467,0.66,0.57,0.56,1.62,0.61,1.87,2.37,2.43,1.56,0.65
468,0.67,0.61,0.59,1.83,0.62,1.99,2.41,2.43,0.9,0.64
469,0.67,0.6,0.59,1.98,0.61,1.88,2.44,2.36,0.65,0.63
470,0.65,0.57,0.6,1.75,0.63,2.07,2.37,2.36,0.65,0.62
471,0.67,0.6,0.59,1.76,0.62,1.89,2.38,2.34,1.19,0.6
472,0.67,0.6,0.59,1.86,0.58,1.99,2.43,2.27,0.65,0.61
473,0.67,0.59,0.59,1.62,0.61,1.83,2.38,2.3,0.65,0.65
474,0.65,0.61,0.6,1.68,0.62,2.04,2.41,2.38,1.17,0.65
475,0.67,0.6,0.6,1.82,0.59,1.82,2.41,2.45,1.59,0.65
476,0.66,0.59,0.58,1.87,0.62,2.01,2.39,2.46,0.65,0.65
477,0.65,0.61,0.6,1.7,0.63,1.82,2.39,2.44,0.66,0.65
478,0.67,0.6,0.59,1.79,0.58,2.17,2.35,2.38,1.11,0.64
479,0.68,0.59,0.57,1.85,0.61,1.9,2.36,2.47,0.65,0.61
480,0.67,0.6,0.6,1.57,0.62,2.14,2.46,2.35,0.65,0.64
481,0.66,0.6,0.58,1.69,0.6,1.81,2.39,2.29,1.17,0.65
482,0.67,0.6,0.59,2.1,0.63,2.16,2.42,2.3,1.06,0.65
483,0.66,0.6,0.61,1.82,0.62,1.89,2.41,2.46,0.65,0.64
484,0.65,0.6,0.56,1.68,0.59,2.13,2.38,2.47,0.65,0.64
485,0.67,0.6,0.59,2.1,0.61,1.82,2.39,2.53,1.3,0.63
486,0.67,0.6,0.6,1.7,0.62,2.22,2.39,2.46,0.65,0.61
487,0.67,0.61,0.58,1.59,0.61,1.96,2.37,2.47,0.64,0.64
488,0.65,0.6,0.6,1.77,0.63,2.17,2.36,2.42,1.42,0.65
489,0.67,0.56,0.6,2.05,0.62,1.82,2.37,2.4,0.65,0.65
490,0.66,0.6,0.57,1.77,0.6,2.17,2.36,2.37,0.66,0.65
491,0.64,0.61,0.59,2.07,0.62,1.91,2.5,2.36,0.64,0.65
492,0.67,0.57,0.6,1.83,0.61,2.13,2.43,2.32,0.65,0.65
493,0.67,0.6,0.58,1.82,0.62,1.86,2.37,2.34,0.65,0.64
494,0.67,0.6,0.55,2.17,0.62,2.18,2.4,2.43,1.19,0.63
495,0.65,0.59,0.59,1.88,0.62,1.91,2.39,2.5,0.84,0.62
496,0.67,0.58,0.59,1.87,0.6,2.02,2.4,2.6,0.65,0.65
497,0.66,0.61,0.58,1.87,0.62,1.93,2.37,2.54,0.65,0.65
498,0.66,0.59,0.59,1.69,0.61,2,2.38,2.54,1.38,0.64
499,0.67,0.59,0.59,1.93,0.62,1.89,2.38,2.54,0.65,0.64
500,0.68,0.61,0.59,2,0.63,1.92,2.36,2.51,0.96,0.63
